,Block_entry_b_FIR_dec_int_43_rd_mod_value_fb_proc_U0,,status1.csv
,AESL_inst_FIR_HLS,,module_status1.csv
Block_entry_b_FIR_dec_int_43_rd_mod_value_fb_proc_U0,grp_DECIMATOR_fu_138,,module_status2.csv
Block_entry_b_FIR_dec_int_43_rd_mod_value_fb_proc_U0.grp_DECIMATOR_fu_138,grp_FIR_filter_2_fu_109,,module_status3.csv
Block_entry_b_FIR_dec_int_43_rd_mod_value_fb_proc_U0.grp_DECIMATOR_fu_138.grp_FIR_filter_2_fu_109,grp_FIR_filter_2_Pipeline_VITIS_LOOP_41_1_fu_56,,module_status4.csv
Block_entry_b_FIR_dec_int_43_rd_mod_value_fb_proc_U0.grp_DECIMATOR_fu_138,grp_DECIMATOR_Pipeline_VITIS_LOOP_41_1_fu_123,,module_status5.csv
Block_entry_b_FIR_dec_int_43_rd_mod_value_fb_proc_U0,grp_Block_entry_b_FIR_dec_int_43_rd_mod_value_fb_proc_Pipeline_VITIS_LOOP_41_1_fu_170,,module_status6.csv
Block_entry_b_FIR_dec_int_43_rd_mod_value_fb_proc_U0,grp_INTERPOLATOR_fu_179,,module_status7.csv
Block_entry_b_FIR_dec_int_43_rd_mod_value_fb_proc_U0.grp_INTERPOLATOR_fu_179,grp_FIR_filter_2_fu_110,,module_status8.csv
Block_entry_b_FIR_dec_int_43_rd_mod_value_fb_proc_U0.grp_INTERPOLATOR_fu_179.grp_FIR_filter_2_fu_110,grp_FIR_filter_2_Pipeline_VITIS_LOOP_41_1_fu_56,,module_status9.csv
Block_entry_b_FIR_dec_int_43_rd_mod_value_fb_proc_U0.grp_INTERPOLATOR_fu_179,grp_INTERPOLATOR_Pipeline_VITIS_LOOP_41_1_fu_123,,module_status10.csv
